#,船,等级,舰种,绝对强度%,同级强度%,同舰种同级强度%,相对经验(中位),场均经验,胜率,五星率,玩家数,场次
1,Varese,10,Cruiser,100.0,100.0,100.0,1.578,3068.2,0.787,0.435,1055,15216
2,Hotaka,9,Battleship,99.9,100.0,100.0,1.362,2501.9,0.752,0.389,760,8157
3,Gato,10,Submarine,99.7,99.4,100.0,1.341,2514.2,0.891,0.567,247,10014
4,Libertad,10,Battleship,99.6,98.8,100.0,1.311,2458.5,0.853,0.513,6485,203704
5,Schlieffen,10,Battleship,99.5,98.1,97.6,1.298,2254.3,0.83,0.475,9289,348876
6,Colbert,10,Cruiser,99.3,97.5,98.2,1.295,2675.7,0.853,0.521,965,31290
7,BA Arona's Whale,10,Submarine,99.2,96.9,91.7,1.294,2681.0,0.921,0.619,268,8663
8,I-56 '44,10,Submarine,99.1,96.3,83.3,1.292,2508.4,0.887,0.564,116,4976
9,Thrasher,10,Submarine,98.9,95.7,75.0,1.284,2129.1,0.836,0.502,192,5332
10,Grosser Kurfürst,10,Battleship,98.8,95.0,95.1,1.278,2102.7,0.792,0.425,5613,186135
11,Bremen,10,Cruiser,98.7,94.4,96.5,1.277,2453.9,0.905,0.57,1866,64389
12,Seal,10,Submarine,98.5,93.8,66.7,1.274,2337.1,0.858,0.522,115,4562
13,Napoli,10,Cruiser,98.4,93.2,94.7,1.265,2268.1,0.845,0.505,5919,211110
14,Von Zuckerhoff,10,Battleship,98.2,92.5,92.7,1.261,2402.1,0.912,0.545,1581,64240
15,Salem,10,Cruiser,98.1,91.9,93.0,1.258,2311.0,0.836,0.494,3454,109549
16,Yodo,10,Cruiser,98.0,91.3,91.2,1.256,2204.7,0.822,0.453,695,32778
17,Smolensk,10,Cruiser,97.8,90.7,89.5,1.254,2348.5,0.821,0.47,1613,43454
18,Napoli B,10,Cruiser,97.7,90.1,87.7,1.253,2370.6,0.855,0.522,492,12483
19,K-1,10,Submarine,97.6,89.4,58.3,1.252,2299.8,0.855,0.533,214,4794
20,Smolensk B,10,Cruiser,97.6,89.4,86.0,1.252,2497.2,0.851,0.461,41,1355
21,Des Moines,10,Cruiser,97.3,88.2,84.2,1.25,2116.9,0.797,0.445,2421,54949
22,Prinz Adalbert,10,Cruiser,97.2,87.6,82.5,1.242,2345.5,0.905,0.561,1372,31767
23,I-56,8,Submarine,97.0,100.0,100.0,1.24,2383.5,0.879,0.534,1813,78597
24,Hannover,11,Battleship,96.9,100.0,100.0,1.236,2122.4,0.76,0.363,944,19100
25,Minotaur,10,Cruiser,96.8,87.0,80.7,1.233,2196.0,0.817,0.466,1892,38209
26,Archerfish,10,Submarine,96.8,87.0,50.0,1.233,2251.8,0.862,0.525,232,5330
27,Jinan,10,Cruiser,96.5,85.7,78.9,1.232,2315.8,0.829,0.486,2248,71537
28,Worcester,10,Cruiser,96.4,85.1,77.2,1.23,2149.5,0.819,0.46,1631,37124
29,Sibir,10,Battleship,96.2,84.5,90.2,1.225,2415.3,0.909,0.578,1050,25863
30,Balao,10,Submarine,96.1,83.9,41.7,1.222,1858.3,0.815,0.468,268,6938
31,Bremen Golden,10,Cruiser,96.0,83.2,75.4,1.214,2533.9,0.909,0.582,159,3321
32,Hindenburg,10,Cruiser,95.8,82.6,73.7,1.209,2004.5,0.774,0.414,1966,49960
33,Valparaíso,9,Battleship,95.7,99.3,98.2,1.207,2377.7,0.912,0.603,2635,112707
34,Jacksonville,11,Cruiser,95.5,95.2,100.0,1.203,2183.8,0.768,0.391,496,9227
35,Preussen,10,Battleship,95.4,82.0,87.8,1.202,1915.4,0.781,0.415,1775,36770
36,Michelangelo,9,Cruiser,95.3,98.7,100.0,1.201,2391.4,0.878,0.548,941,29571
37,U-2501,10,Submarine,95.1,81.4,33.3,1.198,1922.4,0.825,0.467,356,6505
38,Hawaii,10,Cruiser,95.0,80.7,71.9,1.196,2245.0,0.888,0.537,1274,28316
39,Ohio,10,Battleship,94.9,80.1,85.4,1.192,2230.9,0.823,0.472,1741,38877
40,U-4501,10,Submarine,94.7,79.5,25.0,1.191,1992.2,0.845,0.498,736,17989
41,Zaō,10,Cruiser,94.7,79.5,70.2,1.191,2014.4,0.799,0.44,1008,25089
42,BA Utnapishtim's Ship,9,Cruiser,94.7,98.0,98.3,1.191,2454.1,0.824,0.476,261,4582
43,AL Hindenburg,10,Cruiser,94.3,78.3,68.4,1.187,2306.9,0.798,0.44,411,11292
44,Irresistible,10,Battleship,94.3,78.3,82.9,1.187,2418.1,0.845,0.496,401,6307
45,Surcouf,10,Submarine,94.1,77.0,16.7,1.182,2305.6,0.869,0.542,145,2917
46,Los Andes,9,Battleship,93.9,97.3,96.4,1.181,2177.4,0.874,0.538,5553,108445
47,Suzuya Golden,9,Cruiser,93.8,96.7,96.6,1.178,2386.4,0.843,0.49,141,4390
48,Sicilia,10,Battleship,93.7,76.4,80.5,1.177,2277.2,0.824,0.471,525,12662
49,Prins van Oranje Golden,10,Cruiser,93.5,75.8,66.7,1.175,2473.0,0.842,0.52,98,1309
50,ARP Yamato,10,Battleship,93.4,75.2,78.0,1.172,1967.8,0.782,0.421,250,6061
51,Mecklenburg,10,Battleship,93.3,74.5,75.6,1.17,2082.7,0.806,0.443,1954,53602
52,Atlanta B,7,Cruiser,93.1,100.0,100.0,1.169,2019.8,0.887,0.578,889,22359
53,Yamato,10,Battleship,93.0,73.9,73.2,1.168,1801.0,0.752,0.382,2298,52075
54,Prins van Oranje,10,Cruiser,92.8,73.3,64.9,1.167,2177.9,0.805,0.443,709,16360
55,Incheon,10,Cruiser,92.7,72.7,63.2,1.166,2276.5,0.843,0.503,409,8548
56,Montana,10,Battleship,92.6,72.0,70.7,1.165,1821.6,0.755,0.392,1847,41440
57,Vallejo,9,Cruiser,92.4,96.0,94.8,1.164,2081.8,0.843,0.503,147,3253
58,Almirante Irízar,10,Cruiser,92.4,71.4,61.4,1.164,2365.5,0.904,0.53,72,1085
59,Komissar,10,Cruiser,92.4,71.4,61.4,1.164,2191.7,0.814,0.459,199,4285
60,Atlanta,7,Cruiser,92.0,99.0,97.8,1.162,1869.8,0.804,0.465,6831,230322
61,Gibraltar,10,Cruiser,91.9,70.2,57.9,1.161,2260.8,0.821,0.455,78,1577
62,Weimar,7,Cruiser,91.8,98.1,95.7,1.16,2105.1,0.904,0.59,2108,72839
63,Stalingrad,10,Cruiser,91.6,69.6,56.1,1.159,2096.2,0.804,0.461,1104,24720
64,Hawaii Golden,10,Cruiser,91.6,69.6,56.1,1.159,2357.0,0.9,0.554,134,1906
65,Sims,7,Destroyer,91.4,97.1,100.0,1.158,1922.9,0.843,0.59,1664,25129
66,Prinz Rupprecht,9,Battleship,91.4,95.3,94.6,1.158,2014.1,0.847,0.505,3279,68678
67,Kitakami,10,Cruiser,91.1,68.3,52.6,1.157,2335.2,0.825,0.488,210,4213
68,Manteuffel,9,Cruiser,91.0,94.7,93.1,1.156,2175.2,0.912,0.58,2055,34540
69,Austin,10,Cruiser,91.0,67.7,50.9,1.156,2136.8,0.804,0.464,503,8759
70,Neptune,9,Cruiser,90.7,94.0,91.4,1.154,2122.5,0.86,0.541,2592,61973
71,Moskva,10,Cruiser,90.7,67.1,49.1,1.154,2055.7,0.808,0.46,1813,42982
72,Annapolis,11,Cruiser,90.4,90.5,85.7,1.152,1987.9,0.742,0.357,572,9687
73,Utrecht,10,Cruiser,90.3,66.5,47.4,1.15,2258.2,0.805,0.456,718,12054
74,Monmouth,10,Cruiser,90.1,65.8,45.6,1.149,2186.3,0.824,0.483,244,4862
75,L-20,8,Submarine,90.0,99.4,87.5,1.148,2215.5,0.856,0.501,704,19328
76,Alexander Nevsky,10,Cruiser,90.0,65.2,43.9,1.148,2037.9,0.808,0.449,518,8129
77,Svea,10,Cruiser,89.7,64.6,42.1,1.146,2005.3,0.774,0.419,230,3942
78,Suzuya,9,Cruiser,89.6,93.3,89.7,1.143,2279.2,0.88,0.535,358,7310
79,AL Massachusetts,8,Battleship,89.5,98.9,100.0,1.142,1945.3,0.879,0.495,62,981
80,Plymouth,10,Cruiser,89.3,64.0,40.4,1.141,2068.2,0.791,0.434,165,3077
81,Yamato Kai,10,Battleship,89.3,64.0,68.3,1.141,2006.8,0.807,0.456,33,1111
82,Brisbane,10,Cruiser,89.1,62.7,38.6,1.14,1878.4,0.775,0.424,1120,28221
83,Kushiro,10,Cruiser,88.9,62.1,36.8,1.139,2035.2,0.867,0.524,342,4911
84,Admiral Schröder,9,Cruiser,88.8,92.7,87.9,1.137,2177.4,0.878,0.58,1061,19508
85,Petropavlovsk,10,Cruiser,88.8,61.5,35.1,1.137,2095.3,0.818,0.478,1453,28685
86,Yoshino,10,Cruiser,88.5,60.9,33.3,1.135,1758.2,0.762,0.394,1269,34859
87,Brennus,10,Cruiser,88.4,60.2,31.6,1.132,2309.3,0.831,0.503,226,4762
88,Kronshtadt,9,Cruiser,88.3,92.0,86.2,1.131,2001.7,0.831,0.488,140,1660
89,Cassard,10,Destroyer,88.1,59.6,100.0,1.13,2230.1,0.851,0.527,161,2663
90,Cerberus,10,Cruiser,88.0,59.0,29.8,1.127,2106.6,0.813,0.438,227,3504
91,Shimakaze,10,Destroyer,87.9,58.4,97.4,1.124,1797.3,0.794,0.456,1786,61735
92,Georg Hoffmann Golden,10,Destroyer,87.9,58.4,97.4,1.124,2309.9,0.883,0.563,65,1180
93,Burrows,10,Destroyer,87.9,58.4,97.4,1.124,2132.0,0.904,0.549,39,478
94,Cleveland,8,Cruiser,87.4,98.3,100.0,1.123,1772.2,0.856,0.476,8404,202693
95,Rhode Island,10,Battleship,87.3,56.5,65.9,1.121,2174.3,0.824,0.482,515,8971
96,Wahnsinn,8,Battleship,87.3,97.7,98.0,1.121,1759.1,0.81,0.402,251,4829
97,Pommern,9,Battleship,87.0,91.3,92.9,1.12,1897.2,0.834,0.484,4878,171611
98,Niord,9,Battleship,86.9,90.7,91.1,1.119,2043.1,0.799,0.444,747,19089
99,Bungo,10,Battleship,86.9,55.9,63.4,1.119,2050.7,0.813,0.461,508,9711
100,Goliath,10,Cruiser,86.9,55.9,28.1,1.119,1968.5,0.787,0.417,221,3281
101,Mikhail Kutuzov,8,Cruiser,86.5,97.2,98.4,1.118,1995.9,0.875,0.514,1171,29758
102,Iwami,9,Battleship,86.5,90.0,89.3,1.118,1777.3,0.794,0.441,1519,40786
103,Bourgogne,10,Battleship,86.2,54.7,61.0,1.117,1999.6,0.784,0.432,1191,21273
104,Cross of Dorn,8,Cruiser,86.1,96.6,96.8,1.116,1953.4,0.851,0.464,524,27492
105,Le Havre,9,Cruiser,86.1,89.3,84.5,1.116,1954.7,0.879,0.526,93,1566
106,Mainz B,8,Cruiser,85.8,96.0,95.2,1.113,1967.5,0.855,0.485,1436,99464
107,Navarin,9,Battleship,85.8,88.7,87.5,1.113,2111.8,0.844,0.509,382,5986
108,Bayard,8,Cruiser,85.6,95.5,93.7,1.112,2005.2,0.863,0.496,2364,83406
109,La Pampa,10,Destroyer,85.6,54.0,89.7,1.112,2182.4,0.871,0.554,285,10095
110,Amiral Lartigue,10,Cruiser,85.6,54.0,26.3,1.112,1958.4,0.857,0.523,58,1002
111,Giuseppe Verdi,9,Battleship,85.2,88.0,85.7,1.111,2053.0,0.848,0.5,495,8213
112,Harugumo,10,Destroyer,85.2,52.8,87.2,1.111,1931.2,0.846,0.499,850,14575
113,BA Hovercraft,9,Battleship,85.2,88.0,85.7,1.111,2137.8,0.793,0.461,73,1318
114,Patrie,11,Battleship,84.8,85.7,85.7,1.11,1835.6,0.706,0.334,199,3853
115,Yimeng,9,Battleship,84.8,86.7,82.1,1.11,2186.3,0.892,0.545,165,3112
116,Georgia,9,Battleship,84.5,86.0,80.4,1.109,2044.6,0.851,0.523,1178,22976
117,Kremlin,10,Battleship,84.3,52.2,58.5,1.108,1891.0,0.784,0.432,650,9784
118,St. Vincent,10,Battleship,84.3,52.2,58.5,1.108,1915.1,0.8,0.445,525,7502
119,Hayate,10,Destroyer,84.3,52.2,84.6,1.108,1939.9,0.831,0.489,734,22674
120,Puerto Rico,10,Cruiser,83.9,50.3,24.6,1.107,1953.9,0.795,0.438,445,6736
121,Henri IV,10,Cruiser,83.8,49.7,22.8,1.106,1937.9,0.779,0.422,442,5636
122,République,10,Battleship,83.7,49.1,53.7,1.105,1866.6,0.78,0.424,789,13716
123,Edgar,11,Cruiser,83.7,81.0,71.4,1.105,1818.9,0.715,0.338,223,3409
124,Cursed Fang,9,Cruiser,83.4,85.3,82.8,1.104,2170.7,0.891,0.533,152,3235
125,Chapayev,8,Cruiser,83.3,94.9,92.1,1.103,1882.8,0.842,0.467,3203,64225
126,Shikishima,10,Battleship,83.3,48.4,51.2,1.103,1933.1,0.799,0.441,921,20423
127,Illinois,9,Battleship,83.3,84.7,78.6,1.103,2129.7,0.861,0.527,1261,25167
128,Ibuki,9,Cruiser,82.9,84.0,81.0,1.102,1875.4,0.816,0.47,1587,28900
129,Buffalo,9,Cruiser,82.9,84.0,81.0,1.102,1855.6,0.825,0.476,2147,40581
130,Scharnhorst B,7,Battleship,82.6,96.2,100.0,1.101,1816.8,0.888,0.584,1230,28042
131,Mainz,8,Cruiser,82.5,94.3,90.5,1.1,1963.9,0.857,0.479,5299,370556
132,Thunderer,10,Battleship,82.3,47.8,48.8,1.099,1959.6,0.785,0.431,672,11772
133,Cristoforo Colombo,10,Battleship,82.3,47.8,48.8,1.099,1928.9,0.797,0.441,1623,29308
134,Mahtaga,9,Battleship,82.3,82.7,76.8,1.099,1937.5,0.834,0.437,119,2206
135,Cambridge,9,Cruiser,81.9,82.0,77.6,1.098,2197.0,0.857,0.498,239,3886
136,Clausewitz,11,Cruiser,81.9,76.2,57.1,1.098,1577.2,0.672,0.296,257,6015
137,Venezia,10,Cruiser,81.6,46.6,21.1,1.097,1886.5,0.764,0.408,572,8152
138,Pommern B,9,Battleship,81.6,81.3,75.0,1.097,1974.9,0.843,0.504,690,15820
139,Seattle,9,Cruiser,81.4,80.7,75.9,1.096,1918.1,0.837,0.5,2335,46398
140,Alberico da Barbiano,10,Destroyer,81.4,46.0,82.1,1.096,2079.8,0.823,0.486,614,10577
141,Yueyang,10,Destroyer,81.4,46.0,82.1,1.096,2001.9,0.802,0.478,344,9699
142,Brandenburg B,8,Battleship,81.0,93.8,96.0,1.094,1873.6,0.856,0.453,494,18760
143,Georg Hoffmann,10,Destroyer,80.8,44.7,76.9,1.093,2043.9,0.834,0.503,442,11331
144,Aberdeen,9,Cruiser,80.8,80.0,74.1,1.093,1867.6,0.843,0.424,20,189
145,Flint,7,Cruiser,80.6,95.2,93.5,1.091,1695.0,0.846,0.484,1835,47889
146,Vermont,10,Battleship,80.6,44.1,43.9,1.091,1872.9,0.783,0.42,592,12164
147,Druid,10,Destroyer,80.6,44.1,74.4,1.091,2114.6,0.863,0.502,75,955
148,BA Takahashi,9,Cruiser,80.6,79.3,72.4,1.091,2135.5,0.842,0.504,80,1427
149,Karl XIV Johan,9,Battleship,80.0,78.7,73.2,1.09,1942.7,0.83,0.468,1072,21605
150,Ägir,9,Cruiser,80.0,78.7,70.7,1.09,1711.3,0.813,0.458,1395,25098
151,Defence,10,Cruiser,80.0,42.9,19.3,1.09,1912.9,0.825,0.469,334,4879
152,Daisen,9,Battleship,79.6,77.3,71.4,1.089,1922.5,0.843,0.512,285,5299
153,Attilio Regolo,10,Destroyer,79.6,42.2,71.8,1.089,1890.4,0.837,0.512,69,937
154,Rhode Island B,10,Battleship,79.4,41.6,41.5,1.088,1957.3,0.837,0.48,212,3984
155,Incomparable,10,Battleship,79.2,41.0,39.0,1.087,2017.6,0.817,0.477,581,11133
156,Brisbane B,10,Cruiser,79.1,40.4,17.5,1.086,1941.8,0.815,0.469,227,3343
157,Regele Carol I,8,Cruiser,79.1,93.2,88.9,1.086,2033.7,0.869,0.498,24,421
158,Oregon,10,Battleship,78.8,39.8,36.6,1.085,1980.1,0.678,0.333,893,11968
159,Dalian,9,Cruiser,78.8,76.7,69.0,1.085,2028.5,0.831,0.478,264,3295
160,Willem de Eerste,10,Battleship,78.8,39.8,36.6,1.085,1966.3,0.8,0.432,174,2694
161,Iwami B,9,Battleship,78.8,76.7,69.6,1.085,1905.5,0.831,0.472,207,4299
162,Messina,9,Cruiser,78.8,76.7,69.0,1.085,1912.8,0.871,0.493,37,375
163,Tirpitz,8,Battleship,78.1,92.6,94.0,1.084,1730.6,0.814,0.402,4469,169736
164,AL Shimakaze,10,Destroyer,78.1,38.5,69.2,1.084,2017.0,0.84,0.519,159,4713
165,Shchors,7,Cruiser,77.9,94.3,91.3,1.083,1717.6,0.818,0.482,6870,135252
166,Ipiranga,8,Battleship,77.9,92.0,92.0,1.083,1882.6,0.877,0.495,6268,108713
167,Mogami,8,Cruiser,77.6,91.5,87.3,1.081,1713.1,0.808,0.41,3890,104741
168,San Martín,10,Cruiser,77.6,37.9,15.8,1.081,2038.2,0.816,0.459,325,3836
169,AL Ägir,9,Cruiser,77.3,74.7,65.5,1.078,1875.5,0.838,0.484,261,5148
170,Takahashi,9,Cruiser,77.2,74.0,63.8,1.076,1893.8,0.836,0.498,1342,23575
171,Missouri,9,Battleship,77.1,73.3,67.9,1.075,1876.9,0.808,0.457,740,15035
172,Benham,9,Destroyer,77.1,73.3,100.0,1.075,2136.7,0.873,0.56,746,27678
173,Blücher,9,Cruiser,77.1,73.3,62.1,1.075,1974.3,0.786,0.437,581,10780
174,Irian,8,Cruiser,77.1,90.9,85.7,1.075,1834.4,0.83,0.433,796,34564
175,Jean Bart,9,Battleship,76.5,71.3,66.1,1.074,1865.1,0.814,0.488,547,10387
176,Wisconsin,10,Battleship,76.5,37.3,31.7,1.074,1949.4,0.802,0.457,1444,27953
177,Admiral Ushakov,11,Battleship,76.5,71.4,71.4,1.074,1785.0,0.688,0.327,100,1196
178,Castilla,10,Cruiser,76.5,37.3,14.0,1.074,1904.5,0.789,0.428,335,4658
179,BA Montana,10,Battleship,76.0,36.0,29.3,1.073,2086.6,0.822,0.471,198,6863
180,Tirpitz B,8,Battleship,75.8,90.3,90.0,1.072,1820.6,0.837,0.435,1246,41917
181,Marcantonio Colonna,8,Battleship,75.8,90.3,90.0,1.072,1861.3,0.846,0.443,472,8615
182,Ferrante Gonzaga,9,Cruiser,75.6,70.7,60.3,1.071,2162.5,0.886,0.55,194,2798
183,Van Speijk,9,Cruiser,75.6,70.7,60.3,1.071,1890.1,0.836,0.444,53,1530
184,Gouden Leeuw,10,Cruiser,75.3,35.4,12.3,1.07,1798.8,0.78,0.419,950,13592
185,Yoshino B,10,Cruiser,75.3,35.4,12.3,1.07,1800.2,0.78,0.424,206,4038
186,Marseille,10,Cruiser,75.0,34.2,8.8,1.069,1880.0,0.776,0.413,282,3278
187,Thor,10,Battleship,75.0,34.2,26.8,1.069,1893.3,0.834,0.432,208,3328
188,Jean Bart B,9,Battleship,74.8,69.3,64.3,1.068,1879.2,0.832,0.486,610,10215
189,Gearing,10,Destroyer,74.8,32.9,66.7,1.068,1628.4,0.779,0.422,486,9708
190,Conte Verde,10,Battleship,74.5,32.3,24.4,1.067,2013.6,0.804,0.461,89,1282
191,Friedrich der Grosse,9,Battleship,74.4,68.7,62.5,1.065,1669.8,0.787,0.429,2484,44286
192,Sejong,9,Cruiser,74.4,68.7,56.9,1.065,1926.9,0.839,0.5,2317,36891
193,Tulsa,9,Cruiser,74.1,67.3,55.2,1.063,1917.4,0.816,0.467,504,7174
194,Forrest Sherman,10,Destroyer,74.1,31.7,64.1,1.063,1828.3,0.82,0.474,736,11610
195,Z-52,10,Destroyer,74.1,31.7,64.1,1.063,1722.9,0.78,0.413,189,3067
196,Kozma Minin,9,Cruiser,74.1,67.3,55.2,1.063,1868.0,0.816,0.475,106,1937
197,Mengchong,9,Cruiser,73.5,66.0,51.7,1.062,1857.8,0.862,0.488,35,494
198,Roon,9,Cruiser,73.4,65.3,50.0,1.061,1696.4,0.791,0.432,1999,35012
199,Admiral Hipper,8,Cruiser,73.3,89.2,84.1,1.06,1602.6,0.786,0.374,4764,123501
200,Somers,10,Destroyer,73.3,30.4,59.0,1.06,1809.5,0.802,0.434,46,1344
201,Lugdunum,7,Battleship,73.0,93.3,97.0,1.059,1722.5,0.858,0.421,311,5957
202,Hampshire,8,Cruiser,73.0,88.6,82.5,1.059,1814.7,0.825,0.425,705,21494
203,Massachusetts,8,Battleship,72.7,88.1,86.0,1.057,1784.9,0.845,0.449,2114,60257
204,AL Bismarck,8,Battleship,72.7,88.1,86.0,1.057,1796.7,0.833,0.417,131,2059
205,Tonijn,10,Submarine,72.7,29.8,8.3,1.057,1954.3,0.759,0.407,30,367
206,Duncan,9,Battleship,72.3,64.7,60.7,1.056,1827.2,0.825,0.478,878,14257
207,Alaska,9,Cruiser,72.3,64.7,48.3,1.056,1878.0,0.828,0.498,534,8319
208,AL Azuma,9,Cruiser,72.3,64.7,48.3,1.056,1868.9,0.831,0.485,212,6248
209,Brandenburg,8,Battleship,71.9,86.9,82.0,1.055,1822.4,0.848,0.453,3486,164684
210,Pioneer,10,Cruiser,71.8,29.2,7.0,1.054,1760.0,0.806,0.437,40,618
211,Saint-Louis,9,Cruiser,71.7,62.7,44.8,1.053,1845.2,0.824,0.484,1175,17903
212,Hector,9,Cruiser,71.7,62.7,44.8,1.053,2025.1,0.827,0.498,136,2879
213,Fiji,7,Cruiser,71.4,92.4,89.1,1.052,1626.9,0.812,0.462,7543,172602
214,Scharnhorst,7,Battleship,71.3,91.4,93.9,1.051,1618.5,0.801,0.476,6002,163045
215,Azuma,9,Cruiser,71.3,61.3,41.4,1.051,1754.5,0.826,0.48,1378,40934
216,Ruggiero di Lauria,10,Battleship,71.3,28.6,22.0,1.051,1874.3,0.776,0.416,227,3119
217,Musashi,9,Battleship,70.9,60.7,58.9,1.05,1828.1,0.814,0.46,452,8886
218,Siegfried,9,Cruiser,70.7,60.0,39.7,1.049,1846.8,0.832,0.478,181,2861
219,Vampire II,10,Destroyer,70.7,28.0,56.4,1.049,1971.5,0.839,0.484,91,981
220,München,7,Cruiser,70.4,90.5,87.0,1.047,1718.4,0.867,0.513,858,16050
221,Almirante Oquendo,9,Cruiser,70.3,59.3,37.9,1.046,1968.5,0.832,0.483,918,19742
222,Fuyutsuki,10,Destroyer,70.3,27.3,53.8,1.046,1904.3,0.916,0.557,50,507
223,Louisiana,10,Battleship,70.3,27.3,19.5,1.046,1806.2,0.786,0.418,165,2381
224,Hull,10,Destroyer,69.9,26.1,51.3,1.045,2058.3,0.843,0.512,148,1997
225,PTRPVLSK,10,Cruiser,69.9,26.1,5.3,1.045,1795.3,0.826,0.431,227,3517
226,Massachusetts B,8,Battleship,69.6,86.4,80.0,1.043,1776.9,0.844,0.442,2173,66538
227,Karl XIV Johan B,9,Battleship,69.6,58.7,57.1,1.043,1818.6,0.846,0.499,67,1306
228,U-190,8,Submarine,69.4,85.8,75.0,1.042,1706.6,0.813,0.416,1404,23447
229,Maine,11,Battleship,69.2,66.7,57.1,1.041,1648.7,0.666,0.298,454,7785
230,Helena,7,Cruiser,69.1,89.5,84.8,1.04,1625.4,0.839,0.481,5806,130495
231,Bismarck '41,8,Battleship,69.1,85.2,78.0,1.04,1886.9,0.87,0.449,110,1275
232,Alaska B,9,Cruiser,68.8,58.0,36.2,1.039,1815.9,0.834,0.491,553,10872
233,Nueve de Julio,7,Cruiser,68.8,88.6,82.6,1.039,1657.4,0.821,0.449,827,15063
234,Tianjin,9,Cruiser,68.8,58.0,36.2,1.039,2027.1,0.85,0.513,273,4250
235,Atago B,8,Cruiser,68.8,84.7,81.0,1.039,1704.9,0.811,0.407,602,12310
236,ARP Takao,8,Cruiser,68.3,84.1,79.4,1.038,1669.0,0.809,0.415,835,22624
237,Belfast,7,Cruiser,68.2,87.6,80.4,1.036,1685.7,0.783,0.425,1714,34154
238,Izumo,9,Battleship,68.0,56.7,55.4,1.035,1557.3,0.769,0.412,1649,29272
239,ARP Maya,8,Cruiser,68.0,83.5,77.8,1.035,1796.8,0.848,0.467,222,6064
240,Chikuma II,9,Cruiser,68.0,56.7,32.8,1.035,1796.0,0.788,0.429,358,8847
241,Wujing,9,Battleship,67.6,55.3,53.6,1.034,1662.6,0.788,0.421,283,7292
242,AL Montpelier,8,Cruiser,67.5,83.0,76.2,1.032,1830.9,0.852,0.463,1008,29182
243,Marlborough,9,Battleship,67.5,54.7,51.8,1.032,1798.8,0.78,0.431,227,2978
244,Grozovoi,10,Destroyer,67.5,24.8,48.7,1.032,1718.6,0.827,0.439,82,965
245,Yorck,7,Cruiser,67.1,86.7,78.3,1.031,1447.7,0.787,0.423,7473,141420
246,Sovetsky Soyuz,9,Battleship,66.9,54.0,50.0,1.03,1726.7,0.815,0.459,847,13022
247,Affondatore,11,Battleship,66.9,61.9,42.9,1.03,1672.7,0.712,0.416,53,508
248,Brindisi,9,Cruiser,66.7,53.3,31.0,1.029,1793.1,0.814,0.47,1063,15471
249,Condé,11,Cruiser,66.7,57.1,42.9,1.029,1695.2,0.693,0.34,174,2047
250,Ragnar,10,Destroyer,66.7,24.2,46.2,1.029,1864.7,0.836,0.498,63,764
251,Baltimore,8,Cruiser,66.3,82.4,74.6,1.027,1621.9,0.825,0.432,6014,134654
252,Santander,9,Cruiser,66.3,52.7,29.3,1.027,1902.2,0.851,0.515,1143,15391
253,Adatara,9,Battleship,66.3,52.7,48.2,1.027,1846.2,0.821,0.466,1157,17656
254,Pilus Posterior,9,Battleship,66.3,52.7,48.2,1.027,1765.3,0.83,0.427,84,1533
255,Roon CLR,9,Cruiser,66.3,52.7,29.3,1.027,1727.6,0.797,0.468,48,1170
256,Hildebrand,10,Cruiser,65.6,23.6,3.5,1.026,1889.6,0.798,0.439,244,3785
257,Wichita,8,Cruiser,65.6,81.8,73.0,1.026,1758.0,0.826,0.421,743,17262
258,Riga,9,Cruiser,65.6,50.0,25.9,1.026,1784.0,0.833,0.478,1653,25918
259,Atago,8,Cruiser,65.6,81.8,73.0,1.026,1628.5,0.802,0.399,1866,50780
260,Álvaro de Bazán,10,Destroyer,65.6,23.6,43.6,1.026,1588.2,0.785,0.419,226,3102
261,Mahan,7,Destroyer,64.9,85.7,96.2,1.025,1434.8,0.814,0.462,3369,54663
262,Zieten,8,Battleship,64.9,80.7,76.0,1.025,1702.0,0.834,0.433,5599,136090
263,Odin,8,Battleship,64.6,80.1,74.0,1.024,1749.0,0.836,0.435,1369,33761
264,Salmon,8,Submarine,64.6,80.1,62.5,1.024,1718.0,0.818,0.418,847,14588
265,Piñatian,8,Cruiser,64.4,79.0,69.8,1.023,1543.1,0.801,0.395,195,4216
266,Gdańsk,10,Destroyer,64.2,22.4,41.0,1.022,1862.4,0.84,0.476,167,1902
267,Kitakaze,9,Destroyer,64.1,49.3,97.2,1.021,1914.1,0.884,0.571,3421,99020
268,Elbing,10,Destroyer,64.1,21.7,38.5,1.021,1863.4,0.823,0.484,284,4340
269,Wisconsin Golden,10,Battleship,63.8,21.1,17.1,1.02,1901.8,0.846,0.469,37,531
270,Boise,7,Cruiser,63.7,84.8,76.1,1.019,1650.2,0.822,0.452,1337,25407
271,Tromp,10,Destroyer,63.7,20.5,35.9,1.019,1814.4,0.832,0.469,411,6345
272,Prinz Eugen,8,Cruiser,63.7,78.4,68.3,1.019,1600.7,0.791,0.362,1433,32862
273,Scharnhorst '43,7,Battleship,63.3,83.8,90.9,1.018,1430.4,0.822,0.396,4668,125468
274,Tsurugi,9,Battleship,63.3,48.7,44.6,1.018,1853.2,0.812,0.473,204,3087
275,Novosibirsk,11,Cruiser,63.0,52.4,28.6,1.016,1724.7,0.696,0.328,97,1323
276,Edinburgh,8,Cruiser,62.9,77.8,66.7,1.015,1724.7,0.834,0.448,4705,104139
277,Dmitri Donskoi,9,Cruiser,62.9,48.0,24.1,1.015,1828.0,0.822,0.476,1200,19327
278,Z-42,10,Destroyer,62.9,19.9,33.3,1.015,1879.6,0.831,0.47,115,1625
279,Encounter,9,Cruiser,62.5,47.3,22.4,1.014,1951.9,0.84,0.488,1041,15144
280,Tallinn,8,Cruiser,62.5,77.3,65.1,1.014,1692.8,0.825,0.425,3630,81618
281,Lazo,7,Cruiser,62.5,82.9,73.9,1.014,1518.6,0.838,0.483,2329,59998
282,Indiana,9,Battleship,62.5,47.3,42.9,1.014,1710.7,0.829,0.488,96,1683
283,Halland,10,Destroyer,61.9,19.3,30.8,1.013,1757.0,0.807,0.468,726,13500
284,Alliance,8,Submarine,61.9,76.7,50.0,1.013,1668.6,0.772,0.388,100,1893
285,Drake,9,Cruiser,61.7,46.0,20.7,1.012,1755.2,0.811,0.47,706,10462
286,Shimanto,8,Cruiser,61.5,76.1,63.5,1.011,1732.9,0.83,0.425,3026,68209
287,Sturdy,8,Submarine,61.5,76.1,37.5,1.011,1775.8,0.8,0.442,416,6674
288,Andalucía,9,Cruiser,61.5,45.3,19.0,1.011,1828.5,0.829,0.512,1401,19191
289,Bajie,9,Battleship,61.5,45.3,41.1,1.011,1552.4,0.764,0.402,161,2354
290,Menno van Coehoorn,9,Cruiser,61.0,44.0,17.2,1.01,1947.3,0.778,0.415,1871,26277
291,Daring,10,Destroyer,61.0,18.6,28.2,1.01,1735.5,0.816,0.469,218,3256
292,Conqueror,10,Battleship,61.0,18.6,14.6,1.01,1711.5,0.772,0.403,603,7660
293,Tashkent,9,Destroyer,60.6,43.3,94.4,1.009,1862.6,0.859,0.562,383,5296
294,Fort Worth,9,Cruiser,60.6,43.3,15.5,1.009,1866.6,0.881,0.46,51,536
295,Piemonte,11,Cruiser,60.3,47.6,14.3,1.008,1604.8,0.647,0.289,48,773
296,Royal Sovereign,7,Battleship,60.3,81.9,87.9,1.008,1738.8,0.849,0.394,89,1099
297,BA Tirpitz,8,Battleship,60.3,75.0,72.0,1.008,1832.9,0.878,0.533,197,4795
298,Narai,8,Cruiser,59.9,74.4,61.9,1.007,1744.4,0.814,0.467,67,899
299,Wiesbaden,8,Cruiser,59.9,74.4,61.9,1.007,1668.4,0.822,0.431,379,7220
300,Sinop,7,Battleship,59.6,81.0,84.8,1.006,1577.9,0.867,0.521,3958,67627
301,Aki,10,Battleship,59.6,17.4,12.2,1.006,1734.1,0.827,0.457,217,2916
302,Kearsarge,9,Battleship,59.4,42.0,39.3,1.005,1593.5,0.791,0.438,970,22197
303,Marco Polo,9,Battleship,59.4,42.0,39.3,1.005,1573.0,0.778,0.409,303,4371
304,Azuma B,9,Cruiser,59.4,42.0,13.8,1.005,1717.3,0.804,0.461,149,2318
305,Protector,8,Cruiser,59.0,73.3,58.7,1.004,1744.6,0.805,0.377,380,3040
306,Atlântico,8,Battleship,59.0,73.3,70.0,1.004,1779.9,0.833,0.443,1143,32197
307,Anhalt,8,Battleship,58.7,72.2,68.0,1.003,1539.1,0.794,0.376,1600,38670
308,Gorizia,7,Cruiser,58.6,80.0,71.7,1.002,1654.3,0.844,0.496,957,10760
309,Charles Martel,8,Cruiser,58.4,71.6,57.1,1.001,1677.4,0.828,0.447,3586,67017
310,Zarya Svobody,9,Battleship,58.4,40.0,35.7,1.001,1775.0,0.836,0.49,73,1147
311,Optio,7,Cruiser,58.4,79.0,69.6,1.001,1353.3,0.795,0.37,224,3327
312,San Diego,8,Cruiser,58.0,71.0,55.6,1.0,1653.2,0.809,0.413,2200,41625
313,Khabarovsk,10,Destroyer,58.0,16.8,25.6,1.0,1670.8,0.832,0.515,154,1474
314,Sun Yat-Sen,9,Battleship,58.0,39.3,33.9,1.0,1756.1,0.804,0.474,223,3261
315,Kii,8,Battleship,58.0,71.0,66.0,1.0,1560.0,0.795,0.388,1118,24799
316,Tokachi,7,Cruiser,58.0,78.1,67.4,1.0,1577.3,0.806,0.393,469,8681
317,Myōkō,7,Cruiser,57.4,77.1,65.2,0.999,1423.0,0.79,0.433,5325,100699
318,Delny,10,Destroyer,57.4,16.1,23.1,0.999,1609.2,0.851,0.448,22,238
319,Duca degli Abruzzi,7,Cruiser,57.4,77.1,65.2,0.999,1566.0,0.806,0.461,891,14094
320,Hizen,9,Battleship,57.4,38.7,32.1,0.999,1626.6,0.757,0.429,105,1329
321,Minnesota,9,Battleship,56.8,38.0,30.4,0.998,1650.0,0.803,0.448,790,12358
322,Kunming,11,Destroyer,56.8,42.9,100.0,0.998,1667.0,0.688,0.341,76,2598
323,Sete de Setembro,10,Battleship,56.8,15.5,9.8,0.998,1983.5,0.826,0.452,29,326
324,Bismarck,8,Battleship,56.4,69.9,64.0,0.997,1464.8,0.786,0.365,6894,209376
325,Knesebeck,8,Cruiser,56.3,69.3,54.0,0.996,1834.4,0.864,0.493,1536,21763
326,AL Kearsarge,9,Battleship,56.3,37.3,28.6,0.996,1735.7,0.765,0.417,160,3328
327,Mogador,9,Destroyer,56.0,36.7,91.7,0.995,1820.0,0.883,0.562,577,9338
328,Jäger,9,Destroyer,55.9,36.0,88.9,0.994,1849.9,0.833,0.513,2533,86856
329,Eendracht,7,Cruiser,55.9,75.2,60.9,0.994,1636.2,0.874,0.521,2809,34973
330,Ochakov,8,Cruiser,55.9,68.8,52.4,0.994,1659.6,0.805,0.399,333,5865
331,Roussillon,9,Battleship,55.9,36.0,26.8,0.994,1728.0,0.839,0.482,245,3287
332,Carnot,9,Cruiser,55.9,36.0,12.1,0.994,1587.1,0.776,0.416,263,3553
333,Lepanto,9,Battleship,55.2,34.0,25.0,0.993,1600.7,0.801,0.44,1995,28899
334,Iowa,9,Battleship,55.2,34.0,25.0,0.993,1501.9,0.765,0.408,2234,39580
335,Tempesta Nera,10,Battleship,55.2,14.9,7.3,0.993,1667.5,0.815,0.429,220,2688
336,Picardie,8,Battleship,55.2,68.2,62.0,0.993,1580.3,0.79,0.395,157,2032
337,West Virginia '44,7,Battleship,54.7,74.3,81.8,0.992,1579.7,0.847,0.42,677,11573
338,BA Binah,8,Battleship,54.7,67.6,60.0,0.992,1974.6,0.874,0.487,81,1415
339,AL Marco Polo,9,Battleship,54.7,32.7,21.4,0.992,1647.6,0.816,0.447,23,444
340,Flandre,8,Battleship,54.3,67.0,58.0,0.99,1666.8,0.822,0.414,945,21125
341,Slava,10,Battleship,54.3,14.3,4.9,0.99,1849.6,0.783,0.429,210,2709
342,Pyotr Bagration,8,Cruiser,54.0,66.5,50.8,0.989,1727.0,0.819,0.413,589,14110
343,Fort Worth Golden,9,Cruiser,54.0,32.0,10.3,0.989,1782.7,0.832,0.467,21,250
344,ARP Myōkō,7,Cruiser,53.7,73.3,58.7,0.988,1532.2,0.813,0.503,1037,17732
345,Johan de Witt,9,Cruiser,53.6,31.3,8.6,0.987,1709.2,0.828,0.467,685,9494
346,Chikuma II Golden,9,Cruiser,53.6,31.3,8.6,0.987,2153.0,0.823,0.51,37,438
347,Devastation,11,Battleship,53.3,38.1,28.6,0.986,1467.7,0.623,0.282,68,1271
348,Dmitry Pozharsky,8,Cruiser,53.2,65.9,49.2,0.984,1599.8,0.816,0.406,1081,26980
349,AL Tashkent,9,Destroyer,53.2,30.0,86.1,0.984,1774.5,0.898,0.594,24,406
350,Delaware,9,Battleship,52.9,29.3,19.6,0.982,1690.7,0.804,0.453,516,7677
351,STAR Kitakaze,9,Destroyer,52.9,29.3,83.3,0.982,1805.9,0.837,0.499,86,1172
352,Maya,7,Cruiser,52.9,72.4,56.5,0.982,1512.1,0.829,0.421,526,8960
353,Kiberpankov,8,Cruiser,52.9,65.3,47.6,0.982,1440.6,0.786,0.385,165,3217
354,AL Prinz Heinrich,7,Battleship,52.4,71.4,78.8,0.981,1628.2,0.857,0.45,223,4319
355,Minegumo,9,Destroyer,52.4,28.0,80.6,0.981,1775.4,0.836,0.495,209,3995
356,Z-46,9,Destroyer,52.1,27.3,77.8,0.98,1739.7,0.848,0.526,496,7002
357,Francesco Ferruccio,7,Cruiser,52.1,70.5,54.3,0.98,1527.2,0.807,0.378,137,2521
358,STAR Edinburgh,8,Cruiser,52.1,64.8,46.0,0.98,1789.7,0.83,0.46,153,3992
359,Baotou,9,Cruiser,52.1,27.3,5.2,0.98,1851.7,0.837,0.479,41,883
360,Barfleur,9,Destroyer,52.1,27.3,77.8,0.98,1771.8,0.902,0.539,48,817
361,Nelson,7,Battleship,51.4,69.5,75.8,0.979,1516.9,0.808,0.454,2101,43636
362,Montcalm,6,Cruiser,51.4,100.0,100.0,0.979,1440.5,0.836,0.391,139,2630
363,Marceau,10,Destroyer,51.1,13.7,20.5,0.978,1658.6,0.83,0.491,541,7345
364,Alsace,9,Battleship,51.1,25.3,17.9,0.978,1614.1,0.795,0.44,1118,18144
365,Albemarle,8,Cruiser,51.1,64.2,44.4,0.978,1596.9,0.808,0.401,1918,33198
366,Yūgumo,9,Destroyer,51.1,25.3,72.2,0.978,1668.5,0.845,0.52,1266,27575
367,Taihang,9,Battleship,51.1,25.3,17.9,0.978,1743.5,0.756,0.403,381,8305
368,Hyūga,7,Battleship,50.5,68.6,72.7,0.977,1487.1,0.852,0.468,627,9945
369,Sevastopol,10,Cruiser,50.5,13.0,1.8,0.977,1843.4,0.792,0.449,53,744
370,Gambia,7,Cruiser,50.2,67.6,52.2,0.976,1581.8,0.86,0.441,314,4827
371,Wukong,8,Cruiser,50.2,63.6,42.9,0.976,1522.5,0.79,0.389,528,15307
372,Strasbourg,7,Battleship,49.9,66.7,69.7,0.975,1581.0,0.889,0.583,968,14880
373,Rodney,7,Battleship,49.9,66.7,69.7,0.975,1556.6,0.83,0.413,156,2611
374,Lenin,8,Battleship,49.7,63.1,56.0,0.974,1716.0,0.833,0.451,578,10052
375,ARP Ashigara,7,Cruiser,49.7,64.8,50.0,0.974,1345.5,0.749,0.428,515,9811
376,Zara,7,Cruiser,49.4,63.8,47.8,0.972,1527.3,0.849,0.502,3739,51182
377,Undine,6,Submarine,49.4,98.9,100.0,0.972,1535.6,0.842,0.441,244,3072
378,ARP Nachi,7,Cruiser,49.4,63.8,47.8,0.972,1381.3,0.754,0.442,486,8106
379,Brest,9,Cruiser,49.0,23.3,3.4,0.971,1726.2,0.822,0.481,745,9867
380,S-1,6,Submarine,48.9,97.8,83.3,0.97,1698.4,0.866,0.49,573,8720
381,Anchorage,8,Cruiser,48.9,62.5,41.3,0.97,1658.7,0.797,0.387,644,12578
382,Ashitaka,7,Battleship,48.9,61.9,63.6,0.97,1480.0,0.812,0.469,910,16803
383,Groningen,9,Destroyer,48.9,22.7,69.4,0.97,1556.2,0.827,0.466,384,5515
384,Lanzhou,7,Cruiser,48.9,61.9,43.5,0.97,1539.9,0.805,0.374,201,2735
385,Mysore,6,Cruiser,48.2,96.7,97.0,0.969,1436.0,0.84,0.454,242,3607
386,Pilus Prior,9,Battleship,48.2,22.0,14.3,0.969,1298.8,0.759,0.392,101,1454
387,Lazo B,7,Cruiser,48.2,60.0,41.3,0.969,1639.2,0.823,0.39,58,574
388,Akizuki,8,Destroyer,47.8,61.9,100.0,0.968,1718.3,0.885,0.526,5323,178029
389,Belfast '43,8,Cruiser,47.8,61.9,39.7,0.968,1568.5,0.797,0.385,558,9217
390,Eastern Dragon,7,Cruiser,47.8,59.0,39.1,0.968,1369.2,0.763,0.356,193,3092
391,Småland,10,Destroyer,47.8,12.4,17.9,0.968,1753.8,0.8,0.463,109,1127
392,S-189,8,Submarine,47.8,61.9,25.0,0.968,1623.1,0.802,0.401,185,2774
393,Bird Cry,9,Battleship,47.8,21.3,12.5,0.968,1374.7,0.779,0.398,41,694
394,Yamagiri,11,Destroyer,47.0,33.3,75.0,0.967,1399.3,0.65,0.284,269,9418
395,Lüshun,10,Destroyer,47.0,11.8,15.4,0.967,1848.6,0.856,0.548,132,1264
396,Friesland,9,Destroyer,46.7,20.7,66.7,0.966,1652.9,0.831,0.506,96,820
397,Tiger '59,8,Cruiser,46.7,60.2,38.1,0.966,1722.5,0.821,0.428,230,3183
398,Christopher,9,Destroyer,46.7,20.7,66.7,0.966,1875.7,0.906,0.6,374,5093
399,Rochester,8,Cruiser,46.7,60.2,38.1,0.966,1569.8,0.811,0.4,847,15331
400,München B,7,Cruiser,46.7,58.1,37.0,0.966,1575.9,0.825,0.427,76,779
401,Kearsarge B,9,Battleship,46.0,19.3,10.7,0.965,1628.0,0.773,0.425,97,1545
402,Cataluña,8,Cruiser,45.9,59.1,34.9,0.963,1691.2,0.833,0.45,2811,46459
403,Chung Mu,9,Destroyer,45.9,18.7,61.1,0.963,1781.4,0.861,0.546,638,11274
404,De Zeven Provinciën,8,Cruiser,45.9,59.1,34.9,0.963,1723.7,0.818,0.409,589,8601
405,Ragnarok,8,Battleship,45.9,59.1,54.0,0.963,1483.4,0.82,0.366,108,2865
406,Orage,9,Destroyer,45.3,18.0,58.3,0.962,1890.6,0.881,0.565,705,11267
407,Surrey,7,Cruiser,45.2,57.1,34.8,0.961,1508.4,0.859,0.512,2515,36106
408,Satsuma,11,Battleship,45.2,28.6,14.3,0.961,1523.2,0.65,0.289,382,5144
409,Canarias,6,Cruiser,45.2,95.6,93.9,0.961,1531.6,0.884,0.512,518,7717
410,Udaloi,9,Destroyer,45.2,17.3,55.6,0.961,1740.5,0.866,0.538,343,4781
411,Coronel Bolognesi,7,Cruiser,44.7,56.2,32.6,0.96,1639.8,0.852,0.438,2521,35073
412,Gascogne,8,Battleship,44.5,57.4,52.0,0.959,1515.4,0.795,0.38,760,12266
413,Aki Golden,10,Battleship,44.5,11.2,2.4,0.959,1798.1,0.807,0.389,24,274
414,Jervis,7,Destroyer,44.3,55.2,92.3,0.956,1511.6,0.858,0.529,1979,27684
415,Ignacio Allende,8,Cruiser,44.3,56.8,31.7,0.956,1713.9,0.839,0.44,3268,52342
416,Cheshire,8,Cruiser,44.3,56.8,31.7,0.956,1636.1,0.8,0.403,440,6723
417,Somme,9,Destroyer,44.3,16.7,52.8,0.956,1574.8,0.842,0.534,197,2465
418,Cossack,8,Destroyer,44.3,56.8,97.0,0.956,1643.1,0.88,0.512,700,11240
419,Scarlet Thunder,9,Battleship,44.3,16.7,8.9,0.956,1632.2,0.795,0.438,220,3385
420,AL Sov. Rossiya,9,Battleship,43.5,15.3,7.1,0.955,1636.5,0.811,0.459,94,1731
421,Bridgeport,8,Cruiser,43.3,55.1,28.6,0.954,1552.9,0.8,0.425,192,2187
422,Nanning,9,Destroyer,43.3,14.7,50.0,0.954,1892.8,0.841,0.51,33,356
423,Błyskawica '44,8,Destroyer,43.0,54.5,93.9,0.953,1486.1,0.851,0.485,81,1011
424,Vyazma,9,Cruiser,42.9,14.0,1.7,0.952,1701.3,0.693,0.339,1328,25333
425,Constellation,8,Battleship,42.9,54.0,50.0,0.952,1483.8,0.782,0.357,464,8633
426,Châteaurenault,10,Destroyer,42.9,10.6,12.8,0.952,1945.9,0.899,0.565,99,2753
427,Almirante Grau,8,Cruiser,42.5,53.4,27.0,0.951,1650.7,0.831,0.436,357,5581
428,Hughes,7,Destroyer,42.4,54.3,88.5,0.95,1636.9,0.911,0.515,493,4867
429,Schill,8,Cruiser,42.4,52.8,25.4,0.95,1540.9,0.809,0.404,367,5100
430,Érne,8,Cruiser,42.4,52.8,25.4,0.95,1302.9,0.766,0.343,24,303
431,Harbin,8,Cruiser,42.0,51.7,22.2,0.949,1645.0,0.811,0.42,3348,61961
432,Auckland,8,Cruiser,42.0,51.7,22.2,0.949,1766.8,0.844,0.448,1617,24504
433,Vauquelin,7,Destroyer,41.7,53.3,84.6,0.948,1614.8,0.885,0.574,1537,19107
434,Nürnberg,6,Cruiser,41.6,94.5,90.9,0.947,1252.5,0.771,0.36,11647,341672
435,Omono,7,Cruiser,41.4,52.4,30.4,0.946,1553.1,0.818,0.407,2550,36571
436,AL Gorizia,7,Cruiser,41.4,52.4,30.4,0.946,1530.7,0.804,0.381,129,2088
437,Johnston,9,Destroyer,41.2,13.3,47.2,0.945,1718.5,0.83,0.476,83,873
438,Prince of Wales,8,Battleship,41.2,50.6,48.0,0.945,1625.5,0.845,0.351,21,326
439,Gneisenau,7,Battleship,40.9,50.5,60.6,0.944,1293.2,0.788,0.436,8204,160020
440,Congress,8,Cruiser,40.9,50.0,19.0,0.944,1439.8,0.782,0.374,660,10408
441,Le Hardi,7,Destroyer,40.9,50.5,80.8,0.944,1660.6,0.908,0.539,491,5875
442,Felix Schultz,9,Destroyer,40.9,12.7,44.4,0.944,1706.1,0.853,0.531,555,8554
443,AL Richelieu,8,Battleship,40.9,50.0,46.0,0.944,1419.5,0.808,0.369,39,699
444,Fletcher,9,Destroyer,40.2,12.0,41.7,0.943,1515.4,0.822,0.487,934,16806
445,Black,9,Destroyer,40.2,12.0,41.7,0.943,1411.5,0.8,0.461,172,2687
446,Tashkent '39,7,Destroyer,40.2,48.6,76.9,0.943,1593.1,0.887,0.522,191,6210
447,Lyon,7,Battleship,39.8,47.6,57.6,0.942,1388.2,0.78,0.41,5353,105702
448,Renown '44,7,Battleship,39.8,47.6,57.6,0.942,1542.7,0.818,0.413,495,10239
449,Laffey,10,Destroyer,39.5,9.9,10.3,0.941,1597.3,0.862,0.513,210,2788
450,Z-44,9,Destroyer,39.5,10.7,36.1,0.941,1537.1,0.825,0.483,329,5748
451,Nagato,7,Battleship,39.3,45.7,51.5,0.94,1344.0,0.792,0.423,7082,132091
452,Alabama B,8,Battleship,39.3,48.9,44.0,0.94,1484.2,0.789,0.396,72,639
453,Comandante Aguirre,8,Cruiser,39.3,48.9,17.5,0.94,1650.3,0.825,0.439,26,237
454,Prinz Heinrich,7,Battleship,38.9,44.8,48.5,0.939,1521.2,0.862,0.491,5270,91221
455,ARP Haguro,7,Cruiser,38.9,44.8,26.1,0.939,1230.8,0.705,0.36,696,12438
456,Adriatico,9,Destroyer,38.9,10.0,33.3,0.939,1699.5,0.851,0.519,331,4702
457,King George V,7,Battleship,38.5,42.9,45.5,0.938,1385.6,0.793,0.435,4524,78009
458,Amagi,8,Battleship,38.5,47.7,42.0,0.938,1384.5,0.786,0.37,3770,83730
459,Leipzig,6,Cruiser,38.5,93.4,87.9,0.938,1359.1,0.806,0.377,359,5779
460,Danu,7,Battleship,38.1,41.9,42.4,0.937,1133.0,0.714,0.29,49,614
461,Amalfi,8,Cruiser,37.9,47.2,15.9,0.936,1526.9,0.791,0.388,2515,40861
462,Algérie,7,Cruiser,37.9,41.0,23.9,0.936,1412.6,0.791,0.429,6337,103998
463,Östergötland,9,Destroyer,37.9,9.3,30.6,0.936,1657.7,0.846,0.527,649,10821
464,Kheper,8,Battleship,37.9,47.2,40.0,0.936,1343.4,0.714,0.307,44,599
465,Admiral Scheer,7,Cruiser,37.4,40.0,21.7,0.935,1592.9,0.849,0.431,1189,13801
466,Nürnberg '44,7,Cruiser,37.4,40.0,21.7,0.935,1406.7,0.785,0.343,165,2060
467,Le Fantasque,8,Destroyer,37.1,46.0,90.9,0.934,1644.8,0.885,0.519,1040,16572
468,L'Aventurier,8,Destroyer,37.1,46.0,90.9,0.934,1738.4,0.893,0.551,781,11151
469,Tennessee,8,Battleship,37.1,46.0,38.0,0.934,1541.3,0.8,0.391,350,5692
470,Elli,6,Cruiser,37.1,92.3,84.8,0.934,1279.2,0.812,0.362,107,1284
471,Vladivostok,8,Battleship,36.6,44.3,36.0,0.933,1494.1,0.803,0.392,2089,38970
472,Ognevoi,8,Destroyer,36.6,44.3,84.8,0.933,1607.0,0.862,0.488,723,10997
473,AL Cheshire,8,Cruiser,36.6,44.3,14.3,0.933,1624.8,0.846,0.461,414,10953
474,Le Terrible,8,Destroyer,36.2,42.6,81.8,0.932,1570.4,0.851,0.492,320,5179
475,Jutland,9,Destroyer,36.0,8.7,27.8,0.931,1594.9,0.85,0.525,452,7229
476,Ignis Purgatio,8,Battleship,36.0,42.0,34.0,0.931,1479.8,0.802,0.376,162,2315
477,Admiral Makarov,6,Cruiser,35.8,91.2,81.8,0.93,1436.7,0.842,0.474,1003,21346
478,Uganda,7,Cruiser,35.8,38.1,17.4,0.93,1639.3,0.845,0.431,1176,14013
479,Poltava,7,Battleship,35.5,37.1,39.4,0.929,1440.6,0.833,0.453,340,4176
480,Dido,6,Cruiser,35.5,90.1,78.8,0.929,1402.6,0.868,0.504,547,7841
481,Lüshun B,10,Destroyer,35.5,9.3,7.7,0.929,1617.8,0.852,0.522,225,2862
482,Minsk,7,Destroyer,35.1,36.2,73.1,0.928,1516.5,0.855,0.536,1709,26911
483,Vrijheid,8,Cruiser,35.1,41.5,12.7,0.928,1589.1,0.832,0.418,25,291
484,Deutschland,6,Cruiser,34.8,89.0,75.8,0.927,1432.0,0.848,0.441,1027,10765
485,Gustav den Store,9,Battleship,34.7,8.0,5.4,0.925,1732.8,0.831,0.444,624,9203
486,Southern Dragon,7,Cruiser,34.7,35.2,15.2,0.925,1279.5,0.683,0.338,381,5835
487,Indianapolis,7,Cruiser,34.4,34.3,13.0,0.924,1349.6,0.718,0.357,1591,24686
488,Velos,9,Destroyer,34.4,7.3,25.0,0.924,1535.6,0.813,0.462,87,1162
489,Chumphon,7,Cruiser,34.1,33.3,10.9,0.922,1518.3,0.85,0.477,3214,43348
490,Lion,9,Battleship,34.1,6.7,3.6,0.922,1508.6,0.787,0.426,862,13219
491,Lightning,8,Destroyer,34.1,40.9,78.8,0.922,1519.5,0.856,0.473,1033,18054
492,Yumihari,8,Battleship,34.1,40.9,32.0,0.922,1566.7,0.807,0.405,2171,34955
493,Nottingham,8,Cruiser,34.1,40.9,11.1,0.922,1428.0,0.779,0.358,265,4151
494,Gadjah Mada,7,Destroyer,33.5,32.4,69.2,0.921,1483.2,0.837,0.492,1467,19917
495,Osborne,8,Destroyer,33.5,39.2,75.8,0.921,1702.5,0.892,0.547,378,4168
496,Kléber,10,Destroyer,33.5,8.7,5.1,0.921,1682.8,0.806,0.482,158,2505
497,Sims B,7,Destroyer,33.1,31.4,65.4,0.92,1495.8,0.851,0.516,209,2651
498,Orkan,8,Destroyer,33.1,38.6,72.7,0.92,1442.4,0.852,0.441,163,2157
499,Teng She,7,Battleship,33.1,31.4,36.4,0.92,1434.3,0.822,0.39,158,2089
500,ZF-6,9,Destroyer,33.1,6.0,22.2,0.92,1695.4,0.829,0.524,80,856
501,Hawke,8,Battleship,32.5,38.1,30.0,0.919,1580.4,0.798,0.408,3062,52902
502,Orion '44,6,Cruiser,32.5,87.9,72.7,0.919,1368.4,0.819,0.324,31,587
503,Tone,8,Cruiser,32.3,37.5,9.5,0.918,1439.4,0.779,0.367,510,11101
504,North Carolina CLR,8,Battleship,32.3,37.5,28.0,0.918,1625.2,0.837,0.433,516,6957
505,Yukon,7,Battleship,32.3,29.5,33.3,0.918,1393.7,0.822,0.449,218,2646
506,New Orleans,7,Cruiser,31.8,28.6,8.7,0.917,1310.9,0.779,0.404,6849,110959
507,Enigheten,8,Battleship,31.8,36.4,26.0,0.917,1659.0,0.814,0.377,703,9261
508,Haida,7,Destroyer,31.8,28.6,61.5,0.917,1391.3,0.812,0.486,340,4342
509,Pietro Micca,8,Submarine,31.8,36.4,12.5,0.917,1792.4,0.849,0.452,136,2398
510,Sharqi,10,Destroyer,31.8,8.1,2.6,0.917,1554.6,0.846,0.449,21,282
511,Neustrashimy,9,Destroyer,31.2,5.3,19.4,0.916,1327.4,0.775,0.433,109,1488
512,Jaarsveld,8,Cruiser,31.0,35.2,7.9,0.915,1592.3,0.798,0.401,2025,25401
513,Eskimo,8,Destroyer,31.0,35.2,69.7,0.915,1580.1,0.841,0.498,30,641
514,De Grasse,6,Cruiser,30.8,86.8,69.7,0.914,1347.4,0.794,0.4,2721,78707
515,Hood,7,Battleship,30.8,26.7,30.3,0.914,1365.7,0.766,0.409,1535,24760
516,Colorado,7,Battleship,30.5,25.7,27.3,0.913,1255.0,0.77,0.381,6683,121046
517,Alabama,8,Battleship,30.5,34.1,24.0,0.913,1359.7,0.76,0.349,943,18697
518,GQ Johnny,9,Destroyer,30.2,4.7,16.7,0.911,1435.0,0.858,0.512,443,7134
519,Izmail,6,Battleship,30.1,85.7,100.0,0.909,1326.9,0.823,0.45,5209,114210
520,Champagne,8,Battleship,30.1,33.5,22.0,0.909,1542.7,0.795,0.407,465,7898
521,Duchaffault,6,Destroyer,29.8,84.6,100.0,0.908,1464.1,0.889,0.494,285,2906
522,Florida,7,Battleship,29.7,24.8,24.2,0.907,1388.3,0.834,0.465,838,12790
523,Dunkerque B,6,Battleship,29.7,83.5,95.2,0.907,1384.5,0.855,0.484,563,8359
524,Gustav-Julius Maerker,8,Destroyer,29.7,33.0,66.7,0.907,1538.2,0.855,0.473,1370,22718
525,4282300400,,,29.7,,,0.907,1172.8,0.657,0.301,1288,17641
526,Rooke,7,Battleship,29.1,23.8,21.2,0.906,1497.6,0.827,0.441,2775,39390
527,Richelieu,8,Battleship,29.1,32.4,20.0,0.906,1419.2,0.787,0.377,3453,61657
528,Monarch,8,Battleship,29.1,32.4,20.0,0.906,1428.4,0.782,0.374,2243,40034
529,Duke of York,7,Battleship,28.7,22.9,18.2,0.905,1290.8,0.776,0.407,2771,45920
530,Paolo Emilio,9,Destroyer,28.7,4.0,13.9,0.905,1745.7,0.864,0.544,200,9582
531,Victoria,9,Battleship,28.7,4.0,1.8,0.905,1601.1,0.763,0.404,180,2379
532,Haarlem,8,Cruiser,28.3,31.2,6.3,0.904,1503.4,0.803,0.39,2231,33538
533,Xin Zhong Guo 14,6,Submarine,28.3,82.4,66.7,0.904,1426.1,0.847,0.427,52,695
534,Aoba,6,Cruiser,28.1,81.3,66.7,0.903,1189.4,0.779,0.367,7396,154036
535,Numancia,8,Cruiser,27.9,30.7,4.8,0.902,1504.5,0.79,0.383,131,1741
536,HSF Harekaze,8,Destroyer,27.8,30.1,63.6,0.901,1560.9,0.871,0.516,285,10341
537,North Carolina,8,Battleship,27.7,29.5,16.0,0.9,1302.5,0.756,0.343,4708,104834
538,Fenyang,8,Destroyer,27.7,29.5,60.6,0.9,1535.3,0.863,0.493,246,4197
539,California,7,Battleship,27.4,21.9,15.2,0.899,1276.4,0.826,0.444,430,6088
540,Leander,6,Cruiser,27.3,80.2,63.6,0.897,1254.5,0.796,0.382,8038,205044
541,Toulon,7,Cruiser,27.3,21.0,6.5,0.897,1328.9,0.825,0.376,209,2369
542,Leberecht Maass,7,Destroyer,27.0,20.0,57.7,0.896,1339.4,0.804,0.459,1797,25855
543,Budyonny,6,Cruiser,27.0,79.1,60.6,0.896,1293.8,0.788,0.387,8731,198045
544,Chios,7,Battleship,27.0,20.0,12.1,0.896,1499.5,0.811,0.369,736,8819
545,Hobart,6,Cruiser,26.6,78.0,57.6,0.895,1426.9,0.845,0.421,628,7005
546,Lambros Katsonis,9,Destroyer,26.6,2.7,11.1,0.895,1645.9,0.846,0.511,498,6874
547,Novorossiysk,6,Battleship,26.6,78.0,90.5,0.895,1313.9,0.843,0.462,632,8707
548,Duca d'Aosta,6,Cruiser,26.2,75.8,54.5,0.894,1302.6,0.782,0.378,1962,39613
549,Asturias,7,Cruiser,26.0,18.1,4.3,0.893,1445.9,0.819,0.408,2048,27257
550,Gokase,6,Cruiser,26.0,74.7,51.5,0.893,1252.7,0.805,0.376,1568,21592
551,Devonshire,6,Cruiser,25.8,73.6,48.5,0.892,1284.1,0.813,0.433,4169,74851
552,Hsienyang,8,Destroyer,25.8,28.4,57.6,0.892,1568.4,0.871,0.5,1295,24018
553,Vanguard,8,Battleship,25.8,28.4,14.0,0.892,1449.6,0.779,0.371,487,8991
554,Dalarna,11,Destroyer,25.8,23.8,50.0,0.892,1538.5,0.673,0.31,75,1431
555,Mutsu,6,Battleship,25.2,72.5,85.7,0.891,1280.2,0.803,0.399,2261,48337
556,4287543280,,,25.1,,,0.89,1193.2,0.771,0.33,6141,127365
557,Leningrad,7,Destroyer,25.1,17.1,53.8,0.89,1328.2,0.777,0.44,725,10444
558,Almirante Cochrane,6,Cruiser,24.8,71.4,45.5,0.889,1397.8,0.844,0.421,1425,16655
559,Benson,8,Destroyer,24.8,27.3,54.5,0.889,1340.3,0.834,0.43,1705,33950
560,Roma,8,Battleship,24.8,27.3,12.0,0.889,1450.1,0.781,0.364,450,6931
561,Collingwood,7,Battleship,24.8,16.2,9.1,0.889,1410.5,0.814,0.403,234,3894
562,Öland,8,Destroyer,24.3,26.1,51.5,0.888,1477.1,0.849,0.46,1359,24083
563,Z-23,8,Destroyer,24.3,26.1,51.5,0.888,1480.8,0.857,0.466,1049,17024
564,Molotov,6,Cruiser,24.0,70.3,42.4,0.887,1310.8,0.785,0.383,3202,75281
565,Baleares,6,Cruiser,24.0,70.3,42.4,0.887,1276.5,0.816,0.383,852,10001
566,Francesco Caracciolo,7,Battleship,23.8,15.2,6.1,0.886,1402.2,0.851,0.494,2763,37689
567,Luca Tarigo,7,Destroyer,23.8,15.2,50.0,0.886,1560.1,0.894,0.544,804,9110
568,Dupleix,6,Cruiser,23.8,68.1,36.4,0.886,1279.3,0.825,0.397,105,1256
569,Fusō,6,Battleship,23.3,67.0,81.0,0.885,1180.7,0.792,0.383,10404,250271
570,U-69,6,Submarine,23.3,67.0,50.0,0.885,1346.9,0.818,0.338,1914,25641
571,Cherbourg,8,Cruiser,23.1,25.0,3.2,0.883,1473.2,0.8,0.402,2618,37863
572,Yūdachi,7,Destroyer,23.1,13.3,46.2,0.883,1450.4,0.875,0.508,522,11592
573,Z-31,7,Destroyer,22.8,12.4,42.3,0.882,1429.0,0.885,0.521,1540,19419
574,Halford,9,Destroyer,22.8,2.0,8.3,0.882,1297.7,0.801,0.449,118,1591
575,Split,8,Destroyer,22.5,24.4,45.5,0.881,1539.1,0.87,0.491,1394,21212
576,HSF Harekaze II,8,Destroyer,22.5,24.4,45.5,0.881,1522.5,0.878,0.483,32,451
577,Kiev,8,Destroyer,22.3,23.3,39.4,0.877,1516.5,0.856,0.487,698,10378
578,Perth,6,Cruiser,22.1,64.8,33.3,0.876,1287.7,0.793,0.382,2110,50472
579,Kijkduin,6,Cruiser,22.1,64.8,33.3,0.876,1285.1,0.834,0.45,2406,29688
580,Repulse,6,Battleship,22.1,64.8,76.2,0.876,1322.4,0.848,0.481,1363,18362
581,FR25,7,Destroyer,22.1,11.4,38.5,0.876,1337.0,0.86,0.484,86,1198
582,Mackensen,6,Battleship,21.6,61.5,71.4,0.875,1308.3,0.85,0.468,3201,45856
583,Kagerō,8,Destroyer,21.6,22.7,36.4,0.875,1364.1,0.837,0.448,2406,58156
584,Jupiter '42,7,Destroyer,21.6,10.5,34.6,0.875,1351.4,0.867,0.463,70,843
585,Kansas,8,Battleship,21.2,22.2,10.0,0.874,1364.3,0.77,0.354,1941,34489
586,Grom,7,Destroyer,21.2,9.5,30.8,0.874,1440.7,0.871,0.464,874,10579
587,Black B,9,Destroyer,21.2,1.3,5.6,0.874,1436.0,0.836,0.485,70,710
588,Joshua Humphreys,11,Destroyer,21.2,19.0,25.0,0.874,1224.2,0.656,0.265,52,780
589,Rahmat,6,Cruiser,20.6,60.4,27.3,0.872,1233.6,0.834,0.429,2542,35953
590,Graf Zeppelin,8,AirCarrier,20.6,21.6,100.0,0.872,1498.0,0.824,0.442,1250,34976
591,Fiume,7,Cruiser,20.4,8.6,2.2,0.871,1290.5,0.755,0.35,61,839
592,Pensacola,6,Cruiser,20.2,59.3,24.2,0.87,1181.8,0.785,0.385,9200,207461
593,Z-35,8,Destroyer,20.2,21.0,33.3,0.87,1449.6,0.861,0.466,101,1369
594,Vittorio Cuniberti,8,Destroyer,20.2,21.0,33.3,0.87,1532.1,0.858,0.473,759,11055
595,AL Littorio,8,Battleship,20.2,21.0,8.0,0.87,1458.1,0.817,0.407,720,13881
596,Cossack B,8,Destroyer,20.2,21.0,33.3,0.87,1469.2,0.854,0.456,211,3285
597,Trento,6,Cruiser,19.6,58.2,21.2,0.867,1250.6,0.801,0.414,5174,82743
598,Vittorio Veneto,8,Battleship,19.6,18.8,6.0,0.867,1433.3,0.793,0.384,2194,33932
599,Dallas,6,Cruiser,19.3,57.1,18.2,0.866,1241.4,0.796,0.394,6892,141574
600,Warspite,6,Battleship,19.3,57.1,66.7,0.866,1271.1,0.799,0.391,4107,83694
601,Akatsuki,7,Destroyer,19.0,7.6,26.9,0.863,1242.0,0.805,0.444,3734,75381
602,Arkhangelsk,7,Battleship,19.0,7.6,3.0,0.863,1360.8,0.743,0.318,26,216
603,La Galissonnière,6,Cruiser,18.8,54.9,15.2,0.861,1193.5,0.788,0.377,7538,153076
604,Ship Smasha,8,Destroyer,18.8,18.2,24.2,0.861,1441.8,0.849,0.453,33,581
605,AL Yukikaze,8,Destroyer,18.8,18.2,24.2,0.861,1455.0,0.87,0.508,404,11244
606,Prinz Eitel Friedrich,6,Battleship,18.4,53.8,61.9,0.86,1304.9,0.803,0.403,3224,79546
607,Andrea Doria,6,Battleship,18.2,52.7,57.1,0.859,1211.0,0.831,0.441,2931,43880
608,Stord '43,7,Destroyer,18.2,5.7,23.1,0.859,1291.4,0.851,0.413,169,1918
609,ZH-1,9,Destroyer,18.2,0.7,2.8,0.859,1492.4,0.899,0.535,79,873
610,Cachalot,6,Submarine,17.8,51.6,33.3,0.858,1305.8,0.815,0.338,943,11720
611,Loyang,8,Destroyer,17.8,17.0,18.2,0.858,1336.3,0.841,0.439,192,3342
612,Huanghe,6,Cruiser,17.5,50.5,12.1,0.857,1273.8,0.796,0.391,2153,39469
613,Kidd,8,Destroyer,17.4,16.5,15.2,0.855,1356.9,0.834,0.414,548,8633
614,Z-39,7,Destroyer,17.3,4.8,19.2,0.852,1257.2,0.77,0.43,374,4406
615,Admiral Nakhimov,10,AirCarrier,17.3,7.5,100.0,0.852,1497.8,0.781,0.433,307,5650
616,Karl von Schönberg,6,Destroyer,17.3,49.5,95.5,0.852,1120.6,0.846,0.44,155,1812
617,Kaga,8,AirCarrier,16.9,15.9,95.5,0.847,1437.9,0.815,0.447,1775,47165
618,Dunkerque,6,Battleship,16.7,48.4,52.4,0.846,1168.5,0.785,0.387,4431,102117
619,Shiratsuyu,7,Destroyer,16.7,3.8,15.4,0.846,1413.5,0.851,0.499,3469,78868
620,Błyskawica,7,Destroyer,16.7,3.8,15.4,0.846,1160.9,0.818,0.457,1965,31510
621,Colossus,8,AirCarrier,16.3,15.3,90.9,0.845,1583.6,0.851,0.493,243,5332
622,Graf Zeppelin B,8,AirCarrier,16.2,14.8,86.4,0.844,1495.9,0.823,0.451,592,14791
623,Shinano,10,AirCarrier,16.1,6.8,91.7,0.842,1485.3,0.78,0.441,393,6565
624,London,6,Cruiser,15.9,47.3,9.1,0.841,1258.6,0.797,0.434,1813,32896
625,Ocean,10,AirCarrier,15.9,6.2,83.3,0.841,1535.1,0.846,0.511,45,750
626,Guépard,6,Destroyer,15.7,46.2,90.9,0.84,1268.9,0.82,0.449,2126,28422
627,Borodino,8,Battleship,15.7,14.2,4.0,0.84,1387.2,0.765,0.361,305,3398
628,W. Virginia '41,6,Battleship,15.4,45.1,47.6,0.838,1208.7,0.793,0.395,1174,19317
629,Metz,8,Cruiser,15.2,13.6,1.6,0.837,1412.3,0.744,0.337,1841,26912
630,Kaga B,8,AirCarrier,15.2,13.6,81.8,0.837,1459.0,0.807,0.443,545,11988
631,Arizona,6,Battleship,15.0,44.0,42.9,0.835,1157.0,0.779,0.355,2427,47380
632,Chkalov B,8,AirCarrier,14.8,12.5,77.3,0.834,1488.5,0.819,0.465,401,12322
633,Bayern,6,Battleship,14.7,42.9,38.1,0.833,1052.9,0.77,0.346,8455,174501
634,T-61,6,Destroyer,14.7,42.9,86.4,0.833,1266.6,0.788,0.378,988,20988
635,Normandie,6,Battleship,14.4,40.7,33.3,0.83,1145.7,0.801,0.397,5183,120137
636,Chkalov,8,AirCarrier,14.4,11.9,72.7,0.83,1483.5,0.82,0.447,1085,27498
637,Shinonome B,6,Destroyer,14.4,40.7,81.8,0.83,1241.4,0.833,0.423,122,1750
638,Monaghan,6,Destroyer,14.0,38.5,77.3,0.828,1243.4,0.808,0.434,951,15302
639,Huron,7,Destroyer,14.0,1.9,7.7,0.828,1265.5,0.817,0.414,204,2292
640,Skåne,7,Destroyer,13.8,1.0,3.8,0.827,1328.0,0.865,0.511,1492,19449
641,Ise,6,Battleship,13.8,37.4,28.6,0.827,1217.7,0.821,0.447,1364,23252
642,New Mexico,6,Battleship,13.5,36.3,23.8,0.826,1030.3,0.755,0.331,8850,175610
643,Ark Royal,6,AirCarrier,13.5,36.3,100.0,0.826,1303.8,0.81,0.44,1395,34738
644,Renown,6,Battleship,13.5,36.3,23.8,0.826,1248.6,0.827,0.412,1616,20278
645,Farragut,6,Destroyer,13.1,33.0,72.7,0.825,1051.7,0.771,0.362,5254,90463
646,Aviere,6,Destroyer,13.1,33.0,72.7,0.825,1278.2,0.88,0.491,585,6533
647,Laudon,6,Battleship,12.8,30.8,14.3,0.823,1285.8,0.792,0.365,192,2060
648,Siliwangi,8,Destroyer,12.8,11.4,12.1,0.823,1311.5,0.814,0.409,125,1553
649,Stord,6,Destroyer,12.6,29.7,63.6,0.822,1250.1,0.87,0.456,387,4173
650,Gnevny,6,Destroyer,12.4,28.6,59.1,0.821,1169.4,0.795,0.404,2125,28973
651,Hornet,8,AirCarrier,12.3,10.8,68.2,0.82,1349.0,0.801,0.399,1061,23735
652,Leone,6,Destroyer,12.3,27.5,54.5,0.82,1137.2,0.836,0.425,242,3495
653,Essex,10,AirCarrier,12.0,5.6,75.0,0.819,1437.3,0.791,0.43,546,9008
654,Nebraska,8,Battleship,11.9,10.2,2.0,0.817,1353.3,0.772,0.355,2157,35451
655,Ryūjō,6,AirCarrier,11.7,26.4,88.9,0.814,1202.6,0.801,0.415,5630,146509
656,Queen Elizabeth,6,Battleship,11.7,26.4,9.5,0.814,1113.5,0.8,0.387,5198,93737
657,Erich Loewenhardt,6,AirCarrier,11.5,24.2,77.8,0.812,1384.3,0.841,0.468,821,18111
658,Aquila,8,AirCarrier,11.3,9.7,63.6,0.81,1428.6,0.805,0.444,415,7087
659,Pobeda,8,AirCarrier,11.2,9.1,59.1,0.808,1377.5,0.807,0.421,1941,61933
660,August von Parseval,8,AirCarrier,11.2,9.1,59.1,0.808,1326.7,0.79,0.41,1529,40126
661,AL Hornet,8,AirCarrier,11.2,9.1,59.1,0.808,1338.6,0.807,0.416,146,3125
662,HSF Admiral Graf Spee,6,Cruiser,11.2,23.1,6.1,0.808,1122.6,0.769,0.361,993,21720
663,Fushun,6,Destroyer,10.7,22.0,50.0,0.807,1194.3,0.818,0.425,1796,29064
664,Loyang B,8,Destroyer,10.7,7.4,9.1,0.807,1349.1,0.819,0.43,97,1332
665,Enterprise,8,AirCarrier,10.7,7.4,45.5,0.807,1413.3,0.808,0.432,535,9737
666,Aigle,6,Destroyer,10.3,20.9,45.5,0.806,1081.5,0.776,0.372,3123,66369
667,Max Immelmann,10,AirCarrier,10.1,5.0,66.7,0.803,1283.6,0.745,0.405,256,3795
668,Admiral Graf Spee,6,Cruiser,10.0,19.8,3.0,0.802,1104.3,0.769,0.362,6433,124968
669,Lexington,8,AirCarrier,9.9,6.2,40.9,0.789,1201.1,0.768,0.374,2092,48039
670,Shōkaku,8,AirCarrier,9.9,6.2,40.9,0.789,1253.7,0.78,0.402,2030,46060
671,Asashio,8,Destroyer,9.6,5.1,6.1,0.788,1255.7,0.806,0.44,131,1778
672,Hakuryū,10,AirCarrier,9.4,4.3,58.3,0.786,1223.4,0.739,0.379,145,1679
673,Repulse B,6,Battleship,9.4,18.7,4.8,0.786,1389.7,0.807,0.406,53,412
674,Serov,6,AirCarrier,9.2,17.6,66.7,0.783,1251.9,0.842,0.463,2545,48363
675,Franklin D. Roosevelt,10,AirCarrier,9.0,3.7,50.0,0.781,1318.8,0.747,0.391,186,2493
676,Béarn,6,AirCarrier,8.9,16.5,55.6,0.78,1198.3,0.814,0.439,271,4118
677,Foca,6,Submarine,8.9,16.5,16.7,0.78,1333.5,0.796,0.405,186,2283
678,Midway,10,AirCarrier,8.6,3.1,41.7,0.779,1217.0,0.736,0.386,215,2577
679,Yorktown,8,AirCarrier,8.5,4.5,31.8,0.777,1303.0,0.812,0.419,2342,56211
680,Ernst Gaede,6,Destroyer,8.4,14.3,40.9,0.776,1030.1,0.785,0.375,4300,71782
681,Saipan,8,AirCarrier,8.4,4.0,27.3,0.776,1375.0,0.799,0.425,389,7531
682,4288657392,,,8.1,,,0.775,988.4,0.723,0.299,1789,33791
683,Juruá,6,Destroyer,8.1,13.2,36.4,0.775,1112.0,0.841,0.409,127,1428
684,Weser,6,AirCarrier,7.8,12.1,44.4,0.773,1154.5,0.819,0.431,3283,63593
685,Implacable,8,AirCarrier,7.7,3.4,22.7,0.772,1234.3,0.774,0.391,1172,23916
686,Saipan B,8,AirCarrier,7.7,3.4,22.7,0.772,1318.9,0.789,0.402,144,2670
687,Theseus,8,AirCarrier,7.4,2.3,13.6,0.77,1319.1,0.777,0.444,97,1443
688,Furious,6,AirCarrier,7.3,11.0,33.3,0.769,1151.8,0.79,0.382,3483,75240
689,Sanzang,8,AirCarrier,7.2,1.7,9.1,0.766,1323.8,0.8,0.422,217,3569
690,Shinonome,6,Destroyer,7.0,9.9,31.8,0.765,1200.9,0.788,0.386,1351,23681
691,Manfred von Richthofen,10,AirCarrier,7.0,2.5,33.3,0.765,1268.8,0.747,0.399,124,1560
692,Ranger,6,AirCarrier,6.7,8.8,22.2,0.759,1049.1,0.766,0.361,5654,121391
693,Icarus,6,Destroyer,6.6,7.7,27.3,0.758,1075.5,0.791,0.389,2435,37529
694,Indomitable,8,AirCarrier,6.5,1.1,4.5,0.754,1280.4,0.802,0.415,412,6613
695,Gallant,6,Destroyer,6.5,6.6,22.7,0.754,1009.3,0.771,0.316,1519,24606
696,Hatsuharu,6,Destroyer,6.2,5.5,18.2,0.753,1116.6,0.802,0.399,3661,60752
697,Anshan,6,Destroyer,6.1,4.4,13.6,0.752,1064.4,0.786,0.39,1791,31078
698,4285511376,,,5.9,,,0.751,1059.3,0.73,0.323,2476,52555
699,Västerås,6,Destroyer,5.9,3.3,9.1,0.751,1118.1,0.785,0.414,2225,29605
700,Malta,10,AirCarrier,5.7,1.9,25.0,0.748,1158.4,0.719,0.39,400,4433
701,Asashio B,8,Destroyer,5.5,0.6,3.0,0.739,1276.6,0.829,0.481,142,3014
702,Eagle,11,AirCarrier,5.4,14.3,100.0,0.734,1008.8,0.652,0.297,45,557
703,United States,11,AirCarrier,5.3,9.5,66.7,0.73,1023.5,0.649,0.282,87,866
704,Sekiryu,11,AirCarrier,5.1,4.8,33.3,0.724,1136.6,0.606,0.264,37,296
705,Independence,6,AirCarrier,5.0,2.2,11.1,0.718,1047.6,0.796,0.371,1069,16522
706,Audacious,10,AirCarrier,4.9,1.2,16.7,0.711,977.0,0.656,0.326,205,2296
707,Fubuki,6,Destroyer,4.7,1.1,4.5,0.707,939.4,0.761,0.355,5199,95964
708,3763320528,,,4.6,,,0.703,1084.9,0.654,0.298,221,2649
709,Okhotnik,5,Destroyer,4.5,100.0,100.0,0.696,804.6,0.63,0.164,28,331
710,Königsberg,5,Cruiser,4.3,96.2,100.0,0.684,744.3,0.563,0.138,493,6030
711,AL Shinano,10,AirCarrier,4.2,0.6,8.3,0.682,1260.5,0.793,0.449,51,815
712,Texas,5,Battleship,4.2,92.3,100.0,0.682,839.0,0.636,0.171,130,1258
713,Marblehead,5,Cruiser,3.9,88.5,85.7,0.679,857.6,0.563,0.143,39,483
714,Iron Duke,5,Battleship,3.8,84.6,88.9,0.675,915.7,0.699,0.242,192,1972
715,Murmansk,5,Cruiser,3.6,80.8,71.4,0.659,846.7,0.611,0.14,107,1197
716,4284463088,,,3.5,,,0.658,876.6,0.539,0.193,539,6366
717,Kamikaze,5,Destroyer,3.4,76.9,90.0,0.655,792.7,0.661,0.183,40,381
718,Kongō,5,Battleship,3.2,73.1,77.8,0.652,659.6,0.613,0.18,271,3034
719,Omaha,5,Cruiser,3.1,69.2,57.1,0.651,685.3,0.559,0.144,329,4053
720,ARP Kirishima,5,Battleship,3.0,65.4,66.7,0.642,710.7,0.607,0.166,92,813
721,König,5,Battleship,2.8,61.5,55.6,0.636,663.7,0.604,0.152,398,4387
722,ARP Hiei,5,Battleship,2.7,57.7,44.4,0.63,607.0,0.568,0.141,110,999
723,ARP Haruna,5,Battleship,2.6,53.8,33.3,0.629,661.7,0.594,0.166,106,1020
724,Emerald,5,Cruiser,2.4,50.0,42.9,0.627,666.0,0.574,0.151,312,3424
725,Kamikaze R,5,Destroyer,2.3,46.2,80.0,0.625,812.6,0.65,0.167,123,1246
726,3763320816,,,2.2,,,0.62,968.4,0.607,0.265,113,1025
727,Émile Bertin,5,Cruiser,2.2,42.3,28.6,0.62,672.0,0.576,0.147,512,5963
728,4184782288,,,2.2,,,0.62,728.1,0.562,0.151,254,2641
729,New York,5,Battleship,1.8,38.5,22.2,0.619,621.1,0.541,0.128,328,3356
730,Furutaka,5,Cruiser,1.6,34.6,14.3,0.61,642.0,0.564,0.156,276,3423
731,Fūjin,5,Destroyer,1.5,30.8,70.0,0.608,882.5,0.677,0.214,26,213
732,4288657104,,,1.3,,,0.602,696.6,0.566,0.168,221,2238
733,4292851696,,,1.3,,,0.602,671.6,0.562,0.121,170,1577
734,ARP Kongō,5,Battleship,1.1,26.9,11.1,0.596,654.5,0.599,0.15,210,2112
735,Gremyashchy,5,Destroyer,0.9,23.1,60.0,0.584,853.5,0.54,0.112,30,268
736,4283414224,,,0.8,,,0.571,809.6,0.567,0.203,442,5566
737,Nicholas,5,Destroyer,0.7,19.2,50.0,0.565,599.4,0.557,0.131,160,1806
738,Minekaze,5,Destroyer,0.5,15.4,40.0,0.526,532.8,0.57,0.133,118,1246
739,Podvoisky,5,Destroyer,0.4,11.5,30.0,0.476,551.3,0.525,0.12,77,733
740,T-22,5,Destroyer,0.3,7.7,20.0,0.467,537.2,0.541,0.117,170,1618
741,Mutsuki,5,Destroyer,0.1,3.8,10.0,0.41,423.9,0.532,0.142,139,1397
